har_asset_number,har_asset_type,har_erf_number,har_model,har_serial_number,har_hostname,har_status,har_vendor,har_date_purchase,har_po_number,har_cost
ERF 13-318,CAMERA,ERF 13-318,VIVOTEK ND8401 ,0002D1272357,,stockroom,ZENSHIN,1/21/14,4100140608,
ERF 13-307,CAMERA,ERF 13-307,FD8134 Camera w/ memory card 32Gb,0002D125E3C1,,stockroom,ZENSHIN,1/25/14,4100140388,
ERF 13-307,CAMERA,ERF 13-307,FD8134 Camera w/ memory card 32Gb,0002D125E3C2,,stockroom,ZENSHIN,1/25/14,4100140388,
ERF 13-307,CAMERA,ERF 13-307,FD8134 Camera w/ memory card 32Gb,0002D125E3C3,,stockroom,ZENSHIN,1/25/14,4100140388,
ERF 13-307,CAMERA,ERF 13-307,FD8134 Camera w/ memory card 32Gb,0002D125E3C4,,stockroom,ZENSHIN,1/25/14,4100140388,
ERF 13-307,CAMERA,ERF 13-307,FD8134 Camera w/ memory card 32Gb,0002D125E3C5,,stockroom,ZENSHIN,1/25/14,4100140388,
ERF 13-307,CAMERA,ERF 13-307,FD8134 Camera w/ memory card 32Gb,0002D125E3DF,,stockroom,ZENSHIN,1/25/14,4100140388,
ERF 13-307,CAMERA,ERF 13-307,FD8134 Camera w/ memory card 32Gb,0002D125E3E0,,stockroom,ZENSHIN,1/25/14,4100140388,
ERF 13-307,CAMERA,ERF 13-307,FD8134 Camera w/ memory card 32Gb,0002D125E3E1,,stockroom,ZENSHIN,1/25/14,4100140388,
ERF 13-307,CAMERA,ERF 13-307,FD8134 Camera w/ memory card 32Gb,0002D125E3E2,,stockroom,ZENSHIN,1/25/14,4100140388,
ERF 13-307,CAMERA,ERF 13-307,FD8134 Camera w/ memory card 32Gb,0002D125E3E3,,stockroom,ZENSHIN,1/25/14,4100140388,
ERF 13-307,CAMERA,ERF 13-307,FD8134 Camera w/ memory card 32Gb,0002D125E3E4,,stockroom,ZENSHIN,1/25/14,4100140388,
ERF 13-307,CAMERA,ERF 13-307,FD8134 Camera w/ memory card 32Gb,0002D125E3E5,,stockroom,ZENSHIN,1/25/14,4100140388,
ERF 13-307,CAMERA,ERF 13-307,FD8134 Camera w/ memory card 32Gb,0002D125E3E6,,stockroom,ZENSHIN,1/25/14,4100140388,
ERF 13-307,CAMERA,ERF 13-307,FD8134 Camera w/ memory card 32Gb,0002D125E3E7,,stockroom,ZENSHIN,1/25/14,4100140388,
ERF 13-307,CAMERA,ERF 13-307,FD8134 Camera w/ memory card 32Gb,0002D125E3E8,,stockroom,ZENSHIN,1/25/14,4100140388,
ERF 13-307,CAMERA,ERF 13-307,FD8134 Camera w/ memory card 32Gb,0002D125E3F3,,stockroom,ZENSHIN,1/25/14,4100140388,
ERF 13-307,CAMERA,ERF 13-307,FD8134 Camera w/ memory card 32Gb,0002D125E3F4,,stockroom,ZENSHIN,1/25/14,4100140388,
ERF 13-307,CAMERA,ERF 13-307,FD8134 Camera w/ memory card 32Gb,0002D125E3F5,,stockroom,ZENSHIN,1/25/14,4100140388,
ERF 13-307,CAMERA,ERF 13-307,FD8134 Camera w/ memory card 32Gb,0002D125E3F6,,stockroom,ZENSHIN,1/25/14,4100140388,
ERF 13-307,CAMERA,ERF 13-307,FD8134 Camera w/ memory card 32Gb,0002D125E3C6,,stockroom,ZENSHIN,1/28/14,4100140541,
ERF 13-307,CAMERA,ERF 13-307,FD8134 Camera w/ memory card 32Gb,0002D125E3C7,,stockroom,ZENSHIN,1/28/14,4100140541,
ERF 13-307,CAMERA,ERF 13-307,FD8134 Camera w/ memory card 32Gb,0002D125E3D5,,stockroom,ZENSHIN,1/28/14,4100140541,
ERF 13-307,CAMERA,ERF 13-307,FD8134 Camera w/ memory card 32Gb,0002D125E3D6,,stockroom,ZENSHIN,1/28/14,4100140541,
ERF 13-307,CAMERA,ERF 13-307,FD8134 Camera w/ memory card 32Gb,0002D125E3D7,,stockroom,ZENSHIN,1/28/14,4100140541,
ERF 13-307,CAMERA,ERF 13-307,FD8134 Camera w/ memory card 32Gb,0002D125E3D8,,stockroom,ZENSHIN,1/28/14,4100140541,
ERF 13-307,CAMERA,ERF 13-307,FD8134 Camera w/ memory card 32Gb,0002D125E3D9,,stockroom,ZENSHIN,1/28/14,4100140541,
ERF 13-307,CAMERA,ERF 13-307,FD8134 Camera w/ memory card 32Gb,0002D125E3DA,,stockroom,ZENSHIN,1/28/14,4100140541,
ERF 13-307,CAMERA,ERF 13-307,FD8134 Camera w/ memory card 32Gb,0002D125E3DB,,stockroom,ZENSHIN,1/28/14,4100140541,
ERF 13-307,CAMERA,ERF 13-307,FD8134 Camera w/ memory card 32Gb,0002D125E3DC,,stockroom,ZENSHIN,1/28/14,4100140541,
ERF 13-307,CAMERA,ERF 13-307,FD8134 Camera w/ memory card 32Gb,0002D125E3DD,,stockroom,ZENSHIN,1/28/14,4100140541,
ERF 13-307,CAMERA,ERF 13-307,FD8134 Camera w/ memory card 32Gb,0002D125E3DE,,stockroom,ZENSHIN,1/28/14,4100140541,
ERF 13-334,CAMERA,ERF 13-334,FD8134 Camera w/ memory card 32Gb,0002D125E3F7,,stockroom,ZENSHIN,1/25/14,4100140388,
ERF 13-334,CAMERA,ERF 13-334,FD8134 Camera w/ memory card 32Gb,0002D125E3F8,,stockroom,ZENSHIN,1/25/14,4100140388,
ERF 13-334,CAMERA,ERF 13-334,FD8134 Camera w/ memory card 32Gb,0002D125E3F9,,stockroom,ZENSHIN,1/25/14,4100140388,
ERF 13-334,CAMERA,ERF 13-334,FD8134 Camera w/ memory card 32Gb,0002D125E3FA,,stockroom,ZENSHIN,1/25/14,4100140388,
ERF 13-334,CAMERA,ERF 13-334,FD8134 Camera w/ memory card 32Gb,0002D125E3FB,,stockroom,ZENSHIN,1/25/14,4100140388,
ERF 13-334,CAMERA,ERF 13-334,FD8134 Camera w/ memory card 32Gb,0002D125E3FC,,stockroom,ZENSHIN,1/25/14,4100140388,
ERF 13-318,CAMERA,ERF 13-318,FD8134 Camera w/ memory card 32Gb,0002D125E3DE,,stockroom,ZENSHIN,1/25/14,4100140541,
ERF 13-318,CAMERA,ERF 13-318,FD8134 Camera w/ memory card 32Gb,0002D125E3E9,,stockroom,ZENSHIN,1/25/14,4100140541,
ERF 13-318,CAMERA,ERF 13-318,FD8134 Camera w/ memory card 32Gb,0002D125E3EA,,stockroom,ZENSHIN,1/25/14,4100140541,
ERF 13-318,CAMERA,ERF 13-318,FD8134 Camera w/ memory card 32Gb,0002D125E3EB,,stockroom,ZENSHIN,1/25/14,4100140541,
ERF 13-318,CAMERA,ERF 13-318,FD8134 Camera w/ memory card 32Gb,0002D125E3EC,,stockroom,ZENSHIN,1/25/14,4100140541,
ERF 13-318,CAMERA,ERF 13-318,FD8134 Camera w/ memory card 32Gb,0002D125E3ED,,stockroom,ZENSHIN,1/25/14,4100140541,
ERF 13-318,CAMERA,ERF 13-318,FD8134 Camera w/ memory card 32Gb,0002D125E3EE,,stockroom,ZENSHIN,1/25/14,4100140541,
ERF 13-318,CAMERA,ERF 13-318,FD8134 Camera w/ memory card 32Gb,0002D125E3EF,,stockroom,ZENSHIN,1/25/14,4100140541,
ERF 13-318,CAMERA,ERF 13-318,FD8134 Camera w/ memory card 32Gb,0002D125E3F0,,stockroom,ZENSHIN,1/25/14,4100140541,
ERF 13-318,CAMERA,ERF 13-318,FD8134 Camera w/ memory card 32Gb,0002D125E3F1,,stockroom,ZENSHIN,1/25/14,4100140541,
ERF 13-318,CAMERA,ERF 13-318,FD8134 Camera w/ memory card 32Gb,0002D125E3F2,,stockroom,ZENSHIN,1/25/14,4100140541,
ERF 13-307,CAMERA,,"8-CH Viewing and Recording Raid, 1 Scalable Storage",0002D113EAF4,,stockroom,ZENSHIN,3/18/14,4100140439,
ERF 13-307,CAMERA,,"8-CH Viewing and Recording Raid, 1 Scalable Storage",0002D113EAF6,,stockroom,ZENSHIN,3/18/14,4100140439,
ERF 13-307,CAMERA,,Panasonic PTZ Camera w/ 32GB (WV-SC384),MEV17447,,stockroom,PANTRONICS,3/31/14,4100140832,
ERF 13-307,CAMERA,,Panasonic PTZ Camera w/ 32GB (WV-SC384),MEV16506,,stockroom,PANTRONICS,3/31/14,4100140832,
ERF 13-307,CAMERA,,Panasonic PTZ Camera w/ 32GB (WV-SC384),NBV16451,,stockroom,PANTRONICS,3/31/14,4100140832,
ERF 13-318,CAMERA,,Panasonic Super Dynamic Weather Resistant ( WV-SW396),MAV01909,,stockroom,PANTRONICS,3/31/14,4100140972,
ERF 13-318,CAMERA,,Panasonic Super Dynamic Weather Resistant ( WV-SW396),MKV00712,,stockroom,PANTRONICS,3/31/14,4100140972,
ERF 13-318,CAMERA,,Panasonic PTZ Camera w/ 32GB (WV-SC384),NBV16451,,stockroom,PANTRONICS,3/31/14,4100140972,
ERF 14-059,CAMERA,,Panasonic WV-SW396 Network Camera,MKV00721,,stockroom,ATI,4/7/14,92713,
ERF 14-059,CAMERA,,MegaPixel CMOS Senson FD8134,0002D128CE09,,stockroom,ZENSHIN,5/19/14,4100146389,
ERF 14-059,CAMERA,,MegaPixel CMOS Senson FD8134,0002D128CE21,,stockroom,ZENSHIN,5/19/14,4100146389,
ERF 14-059,CAMERA,,MegaPixel CMOS Senson FD8134,0002D128CE24,,stockroom,ZENSHIN,5/19/14,4100146389,
ERF 14-059,CAMERA,,MegaPixel CMOS Senson FD8134,0002D128CE27,,stockroom,ZENSHIN,5/19/14,4100146389,
ERF 14-059,CAMERA,,MegaPixel CMOS Senson FD8134,0002D128CE0B,,stockroom,ZENSHIN,5/19/14,4100146389,
ERF 14-059,CAMERA,,MegaPixel CMOS Senson FD8134,0002D128CE22,,stockroom,ZENSHIN,5/19/14,4100146389,
ERF 14-059,CAMERA,,MegaPixel CMOS Senson FD8134,0002D128CE25,,stockroom,ZENSHIN,5/19/14,4100146389,
ERF 14-059,CAMERA,,MegaPixel CMOS Senson FD8134,0002D128CE28,,stockroom,ZENSHIN,5/19/14,4100146389,
ERF 14-059,CAMERA,,MegaPixel CMOS Senson FD8134,0002D128CE20,,stockroom,ZENSHIN,5/19/14,4100146389,
ERF 14-059,CAMERA,,MegaPixel CMOS Senson FD8134,0002D128CE23,,stockroom,ZENSHIN,5/19/14,4100146389,
ERF 14-059,CAMERA,,MegaPixel CMOS Senson FD8134,0002D128CE26,,stockroom,ZENSHIN,5/19/14,4100146389,
ERF 14-059,CAMERA,,MegaPixel CMOS Senson FD8134,0002D128CE29,,stockroom,ZENSHIN,5/19/14,4100146389,
ERF 14-013,CAMERA,,FD8134 Camera,0002D128CDA8,,stockroom,ZENSHIN,6/4/14,4100144504,
ERF 14-013,CAMERA,,FD8134 Camera,0002D128CDA9,,stockroom,ZENSHIN,6/4/14,4100144504,
ERF 14-013,CAMERA,,FD8134 Camera,0002D128CDAA,,stockroom,ZENSHIN,6/4/14,4100144504,
ERF 14-003,CAMERA,,FD8134 Camera,0002D128CDAB,,stockroom,ZENSHIN,6/4/14,4100144504,
ERF 14-003,CAMERA,,FD8134 Camera,0002D128CDAC,,stockroom,ZENSHIN,6/4/14,4100144504,
ERF 14-003,CAMERA,,FD8134 Camera,0002D128CDAD,,stockroom,ZENSHIN,6/4/14,4100144504,
161426,CAMERA,,Vivotedk FD8134,0002D128CE55,,stockroom,MERIDIAN,6/17/14,4100148400,
161434,CAMERA,,FD8134,0002D128CDBC,,stockroom,ZENSHIN,7/12/14,4100149998,
161435,CAMERA,,FD8134,0002D128CDBD,,stockroom,ZENSHIN,7/12/14,4100149998,
161436,CAMERA,,FD8134,0002D128CDBE,,stockroom,ZENSHIN,7/12/14,4100149998,
161437,CAMERA,,FD8134,0002D128CDBF,,stockroom,ZENSHIN,7/12/14,4100149998,
161438,CAMERA,,FD8134,0002D128CDC0,,stockroom,ZENSHIN,7/12/14,4100149998,
161439,CAMERA,,FD8134,0002D128CDC1,,stockroom,ZENSHIN,7/12/14,4100149998,
161440,CAMERA,,FD8134,0002D128CDC2,,stockroom,ZENSHIN,7/12/14,4100149998,
161441,CAMERA,,FD8134,0002D128CDC3,,stockroom,ZENSHIN,7/12/14,4100149998,
161442,CAMERA,,FD8134,0002D128CDC4,,stockroom,ZENSHIN,7/12/14,4100149998,
161443,CAMERA,,FD8134,0002D128CDC5,,stockroom,ZENSHIN,7/12/14,4100149998,
161444,CAMERA,,FD8134,0002D128CE54,,stockroom,ZENSHIN,7/12/14,4100149998,
161445,CAMERA,,FD8134,0002D128CE58,,stockroom,ZENSHIN,7/12/14,4100149998,
161446,CAMERA,,FD8134,0002D128C359,,stockroom,ZENSHIN,7/12/14,4100149998,
161468,CAMERA,,FD8134,0002D128C202,,stockroom,ZENSHIN,7/12/14,4100140003,
161469,CAMERA,,FD8134,0002D128C203,,stockroom,ZENSHIN,7/12/14,4100140003,
ERF 14-011,CAMERA,,Panasonic PTZ Camera w/ 32GB WV-SC384,NEV20178,,stockroom,MERIDIAN,7/17/14,4100144343,
ERF 14-011,CAMERA,,Panasonic PTZ Camera w/ 32GB WV-SC384,NEV20188,,stockroom,MERIDIAN,7/17/14,4100144343,
ERF 14-011,CAMERA,,Panasonic Super Dynamic WV-SW396,MKV00718,,stockroom,MERIDIAN,7/17/14,4100144343,
ERF 14-011,CAMERA,,Panasonic Super Dynamic WV-SW396,NEV00169,,stockroom,MERIDIAN,7/17/14,4100144343,
161478,CAMERA,,Vivotek FD8134,0002D12CB220,,stockroom,ZENSHIN,7/26/14,4100150646,
161479,CAMERA,,Vivotek FD8134,0002D12CB221,,stockroom,ZENSHIN,7/26/14,4100150646,
ERF 14- 059,CAMERA,,Panasonic Network Camera (WV-SW396),NEV00430,,stockroom,PANTRONICS,8/1/14,4100146392,
ERF 14- 059,CAMERA,,Panasonic Camera (WV-SC384),NEV20185,,stockroom,PANTRONICS,8/1/14,4100146392,
ERF 14- 059,CAMERA,,Panasonic Camera (WV-SC384),NEV20186,,stockroom,PANTRONICS,8/1/14,4100146392,
PBI-D2014-001,DESKTOP,13-321,HP Compaq PRO 6300,SGH350QPZ2,SMPBMBD04,stockroom,MERIDIAN,1/6/14,4100138694,34625
PBI-D2014-002,DESKTOP,13-281,HP Compaq PRO 6300,SGH350QPZQ,SMPBMCD04,stockroom,MERIDIAN,1/6/14,4100138694,34625
PBI-D2014-003,DESKTOP,13-292,HP Compaq PRO 6300,SGH350QPZH,SMPBDCD55,stockroom,MERIDIAN,1/6/14,4100138694,34625
PBI-D2014-004,DESKTOP,13-298,HP Compaq PRO 6300,SGH350QPZ4,SMPBACD16,stockroom,MERIDIAN,1/6/14,4100138694,34625
PBI-D2014-005,DESKTOP,13-311,HP Compaq PRO 6300,SGH350QPZ9,SMPBABD35,stockroom,MERIDIAN,1/6/14,4100138694,34625
PBI-D2014-006,DESKTOP,13-301,HP Compaq PRO 6300,SGH350QPZC,SMPBPLD22,stockroom,MERIDIAN,1/6/14,4100138694,34625
PBI-D2014-007,DESKTOP,13-332,HP Compaq PRO 6300,SGH350QPZG,SMPBSCD70,stockroom,MERIDIAN,1/6/14,4100139898,34625
PBI-D2014-008,DESKTOP,13-345,HP Compaq PRO 6300,SGH350QPZM,SMPBSCD75,stockroom,MERIDIAN,1/6/14,4100139898,34625
PBI-D2014-009,DESKTOP,13-325,HP Compaq PRO 6300,SGH350QPZ7,SMPBABD36,stockroom,MERIDIAN,1/6/14,4100139898,34625
PBI-D2014-010,DESKTOP,13-32,HP Compaq PRO 6300,SGH350QPZK,SMPBDCD56,stockroom,MERIDIAN,1/6/14,4100139898,34625
PBI-D2014-011,DESKTOP,13-327,HP Compaq PRO 6300,SGH350QPZN,SMPBTED38,stockroom,MERIDIAN,1/6/14,4100139898,34625
PBI-D2014-012,DESKTOP,13-333,HP Compaq PRO 6300,SGH350QPZ0,SMPBABD37,stockroom,MERIDIAN,1/6/14,4100139898,34625
PBI-D2014-013,DESKTOP,13-335,HP Compaq PRO 6300,SGH350QPZ5,SMSBWHD01,stockroom,MERIDIAN,1/6/14,112913,38780
PBI-D2014-014,DESKTOP,13-325,HP Compaq PRO 6300,SGH350QPZ3,SMSBHRD11,stockroom,MERIDIAN,1/6/14,112913,38780
PBI-D2014-015,DESKTOP,13-282,HP Compaq PRO 6300,SGH350QPZL,QCPBLED15,stockroom,MERIDIAN,2/7/14,4100141808,34625
PBI-D2014-017,DESKTOP,14-010,HP ProDesk 600 G1 SFF,6CR4138VRS,SMPBQAD82,stockroom,MERIDIAN,5/6/14,4100143474,34625
PBI-D2014-018,DESKTOP,14-006,HP ProDesk 600 G1 SFF,6CR4138VRJ,SMPBMBD05,stockroom,MERIDIAN,5/6/14,4100143649,34625
PBI-D2014-019,DESKTOP,14-004,HP ProDesk 600 G1 SFF,6CR4138VS3,SMPBTED86,stockroom,MERIDIAN,5/6/14,4100143473,34625
PBI-D2014-020,DESKTOP,14-032,HP ProDesk 600 G1 SFF,6CR4138VRK,SMPBMCD05,stockroom,MERIDIAN,5/6/14,4100145814,38275
PBI-D2014-021,DESKTOP,14-022,HP ProDesk 600 G1 SFF,6CR4138VRL,SMPBMBD06,stockroom,MERIDIAN,5/6/14,4100145814,38275
PBI-D2014-022,DESKTOP,14-037,HP ProDesk 600 G1 SFF,6CR4138VRW,SMPBHRD01,stockroom,MERIDIAN,5/6/14,4100145814,38275
PBI-D2014-023,DESKTOP,14-037,HP ProDesk 600 G1 SFF,6CR4138VRQ,SMPBHRD13,stockroom,MERIDIAN,5/6/14,4100145814,38275
PBI-D2014-024,DESKTOP,14-040,HP ProDesk 600 G1 SFF,6CR4138VRT,SMPBSCD88,stockroom,MERIDIAN,5/6/14,4100145814,38275
PBI-D2014-025,DESKTOP,14-181,HP ProDesk 600 G1 SFF,6CR4138VRM,QCPBTRD22,stockroom,MERIDIAN,5/6/14,4100145814,38275
PBI-D2014-026,DESKTOP,14-062,HP ProDesk 600 G1 SFF,6CR4138VRV,SMPBACD13,stockroom,MERIDIAN,5/6/14,4100145814,38275
PBI-D2014-027,DESKTOP,14-018,HP Z420 Workstation,SGH420RN4R,SMPBTED87,stockroom,MERIDIAN,6/10/14,4100146471,1450000
PBI-D2014-028,DESKTOP,14-018,HP Z420 Workstation,SGH420RN4T,SMPBTED88,stockroom,MERIDIAN,6/10/14,4100146471,1450000
PBI-D2014-029,DESKTOP,14-018,HP Z420 Workstation,SGH420RN4V,SMPBTED100,stockroom,MERIDIAN,6/10/14,4100146471,1450000
PBI-D2014-030,DESKTOP,14-018,HP Z420 Workstation,SGH420RN4W,SMPBTED91,stockroom,MERIDIAN,6/10/14,4100146471,1450000
PBI-D2014-031,DESKTOP,,HP Z420 Workstation,SGH420RN4Z,SMPBTED92,stockroom,MERIDIAN,6/10/14,4100146471,1450000
PBI-D2014-032,DESKTOP,,HP Z420 Workstation,SGH420RN50,SMPBTED93,stockroom,MERIDIAN,6/10/14,4100146471,1450000
PBI-D2014-033,DESKTOP,,HP Z420 Workstation,SGH420RN51,SMPBTED94,stockroom,MERIDIAN,6/10/14,4100146471,1450000
PBI-D2014-034,DESKTOP,,HP Z420 Workstation,SGH420RN52,SMPBTED95,stockroom,MERIDIAN,6/10/14,4100146471,1450000
PBI-D2014-035,DESKTOP,,HP Z420 Workstation,SGH420RN53,SMPBTED102,stockroom,MERIDIAN,6/10/14,4100146471,1450000
PBI-D2014-036,DESKTOP,,HP Z420 Workstation,SGH420RN54,SMPBTED97,stockroom,MERIDIAN,6/10/14,4100146471,1450000
PBI-D2014-037,DESKTOP,,HP Z420 Workstation,SGH420RN55,SMPBTED98,stockroom,MERIDIAN,6/10/14,4100146471,1450000
PBI-D2014-038,DESKTOP,,HP Z420 Workstation,SGH420RN56,SMPBTED99,stockroom,MERIDIAN,6/10/14,4100146471,1450000
PBI-D2014-039,DESKTOP,,HP Z420 Workstation,SGH420RN4Y,,,MERIDIAN,6/10/14,4100147852,1450000
161416,DESKTOP,,HP ProDesk 600 G1 SFF,6CR420JP00,SMPBDCD58,stockroom,MERIDIAN,6/16/14,4100148401,38275
161398,DESKTOP,,HP ProDesk 600 G1 SFF,6CR4203P0D,SMPBMCD06,stockroom,MERIDIAN,6/16/14,4100147077,38275
161400,DESKTOP,,HP ProDesk 600 G1 SFF,6CR4203P0V,SMPBMCD07,stockroom,MERIDIAN,6/16/14,4100147077,38275
PBI-D2014-040,DESKTOP,,HP ProDesk 600 G1 SFF,6CR4203P03,SMSBEND42,stockroom,MERIDIAN,6/16/14,6214,38275
161388,DESKTOP,,HP ProDesk 600 G1 SFF,6CR4203P0W,SMPBDCD59,stockroom,MERIDIAN,6/16/14,4100147581,38275
161418,DESKTOP,,HP ProDesk 600 G1 SFF,6CR4203P0N,SMPBDCD60,stockroom,MERIDIAN,6/16/14,4100147581,38275
161422,DESKTOP,,HP ProDesk 600 G1 SFF,6CR4203P08,SMPBDCD61,stockroom,MERIDIAN,6/16/14,4100147581,38275
PBI-D2014-041,DESKTOP,,HP ProDesk 600 G1 SFF,6CR4203P0S,SMPBDCD58,stockroom,MERIDIAN,6/16/14,4100146316,38275
PBI-D2014-042,DESKTOP,,HP ProDesk 600 G1 SFF,6CR4203P0K,SMPBDCD59,stockroom,MERIDIAN,6/16/14,4100146316,38275
PBI-D2014-043,DESKTOP,,HP ProDesk 600 G1 SFF,6CR4203NZY,SMPBDCD60,stockroom,MERIDIAN,6/16/14,4100146316,38275
PBI-D2014-044,DESKTOP,,HP ProDesk 600 G1 SFF,6CR4203P06,SMPBDCD61,stockroom,MERIDIAN,6/16/14,4100146316,38275
PBI-D2014-045,DESKTOP,,HP ProDesk 600 G1 SFF,6CR4203P0P,SMPBPLD37,stockroom,MERIDIAN,6/16/14,4100146316,38275
PBI-D2014-046,DESKTOP,,HP ProDesk 600 G1 SFF,6CR4203P04,SMPBPLD38,stockroom,MERIDIAN,6/16/14,4100146316,38275
PBI-D2014-047,DESKTOP,,HP ProDesk 600 G1 SFF,6CR4203P0Q,SMPBPLD39,stockroom,MERIDIAN,6/16/14,4100146316,38275
PBI-D2014-048,DESKTOP,,HP ProDesk 600 G1 SFF,6CR4203P09,SMPBPLD40,stockroom,MERIDIAN,6/16/14,4100146316,38275
PBI-D2014-049,DESKTOP,,HP ProDesk 600 G1 SFF,6CR4203P0H,SMPBPLD41,stockroom,MERIDIAN,6/16/14,4100146316,38275
PBI-D2014-050,DESKTOP,,HP ProDesk 600 G1 SFF,6CR4138VRX,SMPBQAD84,stockroom,MERIDIAN,6/16/14,4100146316,38275
PBI-D2014-051,DESKTOP,,HP ProDesk 600 G1 SFF,6CR4203P0F,SMPBDCD62,stockroom,MERIDIAN,6/16/14,4100146316,38275
PBI-D2014-052,DESKTOP,,HP ProDesk 600 G1 SFF,6CR4203P0R,SMPBDCD63,stockroom,MERIDIAN,6/16/14,4100146316,38275
PBI-D2014-053,DESKTOP,,HP ProDesk 600 G1 SFF,6CR4203P0L,SMPBDCD64,stockroom,MERIDIAN,6/16/14,4100146316,38275
PBI-D2014-054,DESKTOP,,HP ProDesk 600 G1 SFF,6CR4203P0J,SMPBDCD65,stockroom,MERIDIAN,6/16/14,4100146316,38275
PBI-D2014-055,DESKTOP,,HP ProDesk 600 G1 SFF,6CR4203P0B,SMPBDCD66,stockroom,MERIDIAN,6/16/14,4100146316,38275
PBI-D2014-056,DESKTOP,,HP ProDesk 600 G1 SFF,6CR4203P02,SMPBDCD67,stockroom,MERIDIAN,6/16/14,4100146316,38275
PBI-D2014-057,DESKTOP,,HP ProDesk 600 G1 SFF,6CR4138VS0,SMPBQAD73,stockroom,MERIDIAN,6/16/14,4100146316,38275
161459,DESKTOP,,HP ProDesk 600 G1 SFF,6CR4247V88,SMPBQAD73,stockroom,MERIDIAN,7/10/14,4100149686,38275
161461,DESKTOP,,HP ProDesk 600 G1 SFF,6CR4247V84,SMPBSCD81,stockroom,MERIDIAN,7/10/14,4100149686,38275
PBI-D2014-058,DESKTOP,,HP ProDesk 600 G1 SFF,6CR4247V81,SMPBACD33,stockroom,MERIDIAN,7/17/14,71514,38275
161463,DESKTOP,14-118,HP ProDesk 600 G1 SFF,6CR4247V7X,SMPBDCD63,stockroom,MERIDIAN,7/17/14,4100150055,38275
161464,DESKTOP,14-118,HP ProDesk 600 G1 SFF,6CR4247V87,SMPBDCD64,stockroom,MERIDIAN,7/17/14,4100150055,38275
161482,DESKTOP,,HP ProDesk 600 G1 SFF,6CR4247VTZ,SMPBACD34,stockroom,MERIDIAN,7/22/14,4100150640,38275
160423,DESKTOP,,HP ProDesk 600 G1 SFF,6CR4247V7Y,QCPBBAD08,stockroom,MERIDIAN,7/22/14,4100150923,38275
RTI-D2014-001,DESKTOP,,HP COMPAQ PRO 6300,SGH350QPZ8,SMRTDED03,stockroom,MERIDIAN,1/6/14,4100138704,38780
RTI-D2014-002,DESKTOP,,HP COMPAQ PRO 6300,SGH350QPZB,SMRTMSD01,stockroom,MERIDIAN,1/20/14,4100140799,38780
RTI-D2014-003,DESKTOP,,HP COMPAQ PRO 6300,SGH350QPZS,SMPBSCD79,stockroom,MERIDIAN,1/27/14,4100141353,38780
RTI-D2014-005,DESKTOP,,HP COMPAQ PRO 6300,SGH350QPZR,SMRTEFD02,stockroom,MERIDIAN,2/28/14,4100142863,38780
RTI-D2014-016,DESKTOP,,HP ProDesk 600 G1 SFF,6CR4138VRN,SMMRPD18,stockroom,MERIDIAN,5/6/14,4100146043,38275
RTI-D2014-017,DESKTOP,,HP ProDesk 600 G1 SFF,6CR4138VRY,SMRTQAD03,stockroom,MERIDIAN,5/6/14,4100145820,38275
RTI-D2014-018,DESKTOP,,HP ProDesk 600 G1 SFF,6CE4138VS1,SMRTQAD07,stockroom,MERIDIAN,5/6/14,4100145820,38275
RTI-D2014-019,DESKTOP,,HP ProDesk 600 G1 SFF,6CR4138VRZ,SMRTDED12,stockroom,MERIDIAN,5/6/14,4100143820,32625
RTI-D2014-020,DESKTOP,,HP ProDesk 600 G1 SFF,6CR4138VS2,SMRTWHD01,stockroom,MERIDIAN,5/6/14,4100143820,32625
RTI-D2014-021,DESKTOP,,HP Z420 Workstation,SGH420RN4X,SMRTSSD02,stockroom,MERIDIAN,6/10/14,4100147558,145000
RTI-D2014-022,DESKTOP,,HP Z420 Workstation,SGH420RN4S,SMRTSSD03,stockroom,MERIDIAN,6/10/14,4100147558,145000
160382,DESKTOP,,HP ProDesk 600 G1 SFF,6CR4203P01,SMRTWHD03,stockroom,MERIDIAN,6/16/14,4100147080,38275
160386,DESKTOP,,HP ProDesk 600 G1 SFF,6CR4203P0C,SMRTDED15,stockroom,MERIDIAN,6/16/14,4100147882,38275
160388,DESKTOP,,HP ProDesk 600 G1 SFF,6CR4203P07,SMRTDED16,stockroom,MERIDIAN,6/16/14,4100147882,38275
RTI-D2014-023,DESKTOP,,HP Z420 Workstation,SGH424PC0K,SMRTTSD01,stockroom,MERIDIAN,7/1/14,4100147558,145000
RTI-D2014-024,DESKTOP,,HP Z420 Workstation,SGH424PC0G,SMRTSSD04,stockroom,MERIDIAN,7/1/14,4100147558,145000
160391,DESKTOP,,HP ProDesk 600 G1 SFF,6CR4203P0M,SMRTDED15,stockroom,MERIDIAN,7/3/14,4100149418,38275
160393,DESKTOP,,HP ProDesk 600 G1 SFF,6CR403NZZ,SMRTSSD05,stockroom,MERIDIAN,7/3/14,4100149418,38275
OMMC-D2014-001,DESKTOP,,HP Compaq PRO 6300 SFF,SGH350QPZF,CBOCSLD01,stockroom,MERIDIAN,2/3/14,4100141629,38780
OMMC-D2014-002,DESKTOP,,HP ProDesk 600 G1 SFF,6CR4138VRP,QCOCJVD04,stockroom,MERIDIAN,5/6/14,4100145822,42868
OMMC-D2014-003,DESKTOP,,HP ProDesk 600 G1 SFF,6CR4138VRR,QCOCJVD12,stockroom,MERIDIAN,5/6/14,4100145822,42868
OMMC-D2014-004,DESKTOP,,HP ProDesk 600 G1 SFF,SGH405S9R6,,,MERIDIAN,5/27/14,4100147407,35606.25
OMMC-D2014-005,DESKTOP,,HP ProDesk 600 G1 SFF,SGH405S9R7,,,MERIDIAN,5/27/14,4100147407,35606.25
OMMC-D2014-006,DESKTOP,,HP ProDesk 600 G1 SFF,6CR4203P0T,,stockroom,MERIDIAN,6/16/14,4100148064,42868
160392,DESKTOP,,HP ProDesk 600 G1 SFF,6CR4247V89,DVOCBWD09,,MERIDIAN,7/14/14,4100150225,38275
160395,DESKTOP,,HP ProDesk 600 G1 SFF,6CR4247V8C,DVOCBWD10,,MERIDIAN,7/14/14,4100150225,38275
160420,DESKTOP,,HP ProDesk 600 G1 SFF,6CR4247V83,DVOCBWD11,,MERIDIAN,7/18/14,4100150291,38275
160379,DESKTOP,,HP Z230 Tower Workstation,SGH427RPPS,,,MERIDIAN,7/24/14,4100148976,74106.25
160380,DESKTOP,,HP Z230 Tower Workstation,SGH427RPPT,,,MERIDIAN,7/24/14,4100148976,74106.25
160433,DESKTOP,,HP ProDesk 600 G1 SFF,6CR4247V80,,,MERIDIAN,8/7/14,4100151829,38275
160436,DESKTOP,,HP ProDesk 600 G1 SFF,6CR4247V82,,,MERIDIAN,8/7/14,4100151829,38275
160438,DESKTOP,,HP ProDesk 600 G1 SFF,6CR4247V85,,,MERIDIAN,8/7/14,4100151839,38275
EG-D2014-002,DESKTOP,,HP LV2011 LED,6CR4138VRH,SMEGPMD05,stockroom,MERIDIAN,5/6/14,4100143620,34625
160086,DESKTOP,,HP LV2011 LED,6CR4203P0G,SMPBQAD85,stockroom,MERIDIAN,6/16/14,4100147437,42868
,DESKTOP,,HP LV2011 LED,6CR4203P05,SMEGHSD01,stockroom,MERIDIAN,6/16/14,4100146672,42868
160380,DESKTOP,14-071,HP Z420 Workstation,SGH429SVPH,,,MERIDIAN,8/20/14,4100149219,207500
160399,DESKTOP,14-124,HP Z420 Workstation,SGH424PC0J,,,MERIDIAN,8/20/14,4100152284,145000
161490,DESKTOP,14-187,HP ProDesk 600 G1 SFF,6CR4247V8B,,,MERIDIAN,8/20/14,4100152396,38285
161504,DESKTOP,14-201,HP ProDesk 600 G1 SFF,6CR4247V86,,,MERIDIAN,8/20/14,4100152396,38285
ERF 13-340,DIGITAL CAMERA,,Canon IXUS 145,838000000000,,stockroom,J & R Appliance,7/21/14,4100150565,
PBI-L2014-001,LAPTOP,13-320,HP Probook 430 G1,2CE3500DXX,QCPBOPL08,stockroom,MERIDIAN,1/14/14,4100138692,49437.5
PBI-L2014-002,LAPTOP,13-349,HP Probook 430 G1,2CE3500DXS,QCPBIAL22,stockroom,MERIDIAN,1/14/14,4100139895,49437.5
PBI-L2014-003,LAPTOP,13-350,HP Probook 430 G1,2CE3500DXV,QCPBIAL23,stockroom,MERIDIAN,1/14/14,4100139895,49437.5
PBI-L2014-004,LAPTOP,13-306,HP Probook 430 G1,2CE3500DXY,QCPBACL15,stockroom,MERIDIAN,1/14/14,4100139895,49437.5
PBI-L2014-005,LAPTOP,13-309,HP Probook 430 G1,2CE3430373,QCPBITL01,stockroom,MERIDIAN,1/27/14,4100141289,48481.25
PBI-L2014-006,LAPTOP,13-316,HP Probook 430 G1,2CE3430374,QCPBHRL21,stockroom,MERIDIAN,1/27/14,4100141289,48481.25
PBI-L2014-007,LAPTOP,14-194,Lenovo ThinkPad X240,20AMA01PPHPF0086DS,QCPBTRL07,stockroom,MERIDIAN,4/1/14,4100143477,55356.25
PBI-L2014-008,LAPTOP,14-015,HP Probook 430 G1,2CE4140MN4,SMPBPPL04,stockroom,MERIDIAN,4/16/14,4100143815,41062
PBI-L2014-009,LAPTOP,14-008,HP Probook 430 G1,2CE4140MN9,SMPBABL01,stockroom,MERIDIAN,4/16/14,4100143779,41062
PBI-L2014-010,LAPTOP,14-042,HP Probook 430 G1,2CE4140MN0,QCPBLEL13,stockroom,MERIDIAN,4/16/14,4100143818,41062
PBI-L2014-011,LAPTOP,14-023,HP Probook 430 G1,2CE4140MN7,SMPBHRL08,stockroom,MERIDIAN,4/16/14,4100143816,41062
PBI-L2014-012,LAPTOP,14-035,HP Probook 430 G1,2CE4140MN8,QCPBODL02,stockroom,MERIDIAN,4/16/14,4100143817,41062
PBI-L2014-013,LAPTOP,14-088,HP Probook 440 G1,2CE4130H92,QCPBSCL03,stockroom,MERIDIAN,4/25/14,4100143521,49437.5
PBI-L2014-014,LAPTOP,14-055,HP Probook 430 G1,2CE4140MN5,SMPBITL02,stockroom,MERIDIAN,4/30/14,4100145876,42812.5
PBI-L2014-015,LAPTOP,14-055,HP Probook 430 G1,2CE4140MN1,QCPBITL03,stockroom,MERIDIAN,4/30/14,4100145876,42812.5
PBI-L2014-016,LAPTOP,14-055,HP Probook 430 G1,2CE4140MMZ,SMPBITL04,stockroom,MERIDIAN,4/30/14,4100145876,42812.5
PBI-L2014-017,LAPTOP,14-055,HP Probook 430 G1,2CE4140MMY,QCPBITL04,stockroom,MERIDIAN,4/30/14,4100145876,42812.5
PBI-L2014-018,LAPTOP,14-055,HP Probook 430 G1,2CE4140MN6,QCPBITL06,stockroom,MERIDIAN,4/30/14,4100145876,42812.5
PBI-L2014-019,LAPTOP,14-055,HP Probook 430 G1,2CE4140MN3,SMPBITL03,stockroom,MERIDIAN,4/30/14,4100145876,42812.5
PBI-L2014-020,LAPTOP,14-055,HP Probook 430 G1,2CE4140MN2,QCPBITL05,stockroom,MERIDIAN,4/30/14,4100145876,42812.5
PBI-L2014-021,LAPTOP,14-055,HP Probook 430 G1,2CE4130H8Y,QCPBITL07,stockroom,MERIDIAN,4/30/14,4100145877,49437.5
PBI-L2014-022,LAPTOP,14-055,HP Probook 430 G1,2CE4130H91,QCPBITL10,stockroom,MERIDIAN,4/30/14,4100145877,49437.5
PBI-L2014-023,LAPTOP,14-055,HP Probook 430 G1,2CE4130H90,QCPBITL09,stockroom,MERIDIAN,4/30/14,4100145877,49437.5
PBI-L2014-024,LAPTOP,14-031,Lenovo ThinkPad X240,PF00QXS0,QCPBIAL24 ,stockroom,MERIDIAN,5/15/14,4100149218,59500
PBI-L2014-025,LAPTOP,14-055,HP Probook 440 G1,2CE4200L0N,QCPBITL02,stockroom,MERIDIAN,5/30/14,4100145877,49437.5
PBI-L2014-026,LAPTOP,14-055,HP Probook 440 G1,2CE4200L0H,SMPBITL01,stockroom,MERIDIAN,5/30/14,4100145877,49437.5
PBI-L2014-027,LAPTOP,14-055,HP Probook 440 G1,2CE4200L0J,SMPBITL05,stockroom,MERIDIAN,5/30/14,4100145877,49437.5
PBI-L2014-028,LAPTOP,14-055,HP Probook 440 G1,2CE4200L0M,QCPBITL11,stockroom,MERIDIAN,5/30/14,4100145877,49437.5
PBI-L2014-029,LAPTOP,14-055,HP Probook 440 G1,2CE4200L0R,QCPBITL08,stockroom,MERIDIAN,5/30/14,4100145877,49437.5
PBI-L2014-030,LAPTOP,14-099,HP Probook 440 G1,2CE4130H93,SMPBDCL02,stockroom,MERIDIAN,5/30/14,4100147053,49437.5
PBI-L2014-031,LAPTOP,14-068,HP Probook 430 G1,8CG4200921,QCPBODL04,stockroom,MERIDIAN,6/3/14,4100146034,48812.5
PBI-L2014-032,LAPTOP,14-036,HP Probook 430 G1,8CG420091F,SMPBSCL08,stockroom,MERIDIAN,6/3/14,4100146034,48812.5
PBI-L2014-033,LAPTOP,14-090,HP Probook 430 G1,8CG420091P,QCPBODL03,stockroom,MERIDIAN,6/3/14,4100147053,48812.5
PBI-L2014-034,LAPTOP,14-092,HP Probook 430 G1,8CG420091K,QCPBREL05,stockroom,MERIDIAN,6/3/14,4100147053,48812.5
161406,LAPTOP,14-111,HP Probook 430 G1,8CG420091W,QCPBITL13,stockroom,MERIDIAN,6/16/14,4100148402,48812.5
161407,LAPTOP,14-111,HP Probook 430 G1,8CG420091S,QCPBITL12,stockroom,MERIDIAN,6/16/14,4100148402,48812.5
161404,LAPTOP,14-111,HP Probook 440 G1,8CG4241D2Z,QCPBITL14,stockroom,MERIDIAN,7/3/14,4100148402,49437.5
161405,LAPTOP,14-111,HP Probook 440 G1,8CG4241D31,,stockroom,MERIDIAN,7/3/14,4100148402,49437.5
PBI-L2014-035,LAPTOP,13-196,HP Probook 430 G1,8CG420091T,SMPBMCL01,stockroom,MERIDIAN,6/3/14,4100147586,48812.5
PBI-L2014-036,LAPTOP,,HP Probook 430 G1,8CG4200922,,stockroom,MERIDIAN,6/13/14,4100146314,42812.5
PBI-L2014-037,LAPTOP,,HP Probook 430 G1,8CG420091M,,stockroom,MERIDIAN,6/3/14,4100146283,47950
PBI-L2014-038,LAPTOP,13-348,HP Probook 440 G1,8CG4241D33,QCPBIAL27,stockroom,MERIDIAN,7/3/14,4100145878,49437.5
PBI-L2014-039,LAPTOP,14-026,HP Probook 440 G1,8CG4241D2T,SMPBSCL07,stockroom,MERIDIAN,7/3/14,4100145878,49437.5
PBI-L2014-040,LAPTOP,13-276,HP Probook 440 G1,8CG4241D2V,SMPBSCL40,stockroom,MERIDIAN,7/3/14,4100145878,49437.5
PBI-L2014-041,LAPTOP,13-276,HP Probook 440 G1,8CG4241D2Y,SMPBSCL51,stockroom,MERIDIAN,7/3/14,4100145878,49437.5
PBI-L2014-042,LAPTOP,13-276,HP Probook 440 G1,8CG4241D2R,SMPBMCL03,stockroom,MERIDIAN,7/3/14,4100145878,49437.5
160484,LAPTOP,14-143,HP Probook 440 G1,8CG4241D30,SMPBTEL44,stockroom,MERIDIAN,7/18/14,4100150628,49437.5
160485,LAPTOP,14-143,HP Probook 440 G1,8CG4241D32,SMPBTEL15,stockroom,MERIDIAN,7/18/14,4100150628,49437.5
161481,LAPTOP,14-147,HP Probook 430 G1,8CG420091J,QCPBREL06,stockroom,MERIDIAN,7/22/14,4100150639,42812.5
161489,LAPTOP,14-180,HP Probook 430 G1,8CG420091N,QCOCMRL12,stockroom,MERIDIAN,7/22/14,4100150643,42812.5
161486,LAPTOP,14-143,HP Probook 440 G1,8CG4270HJ9,,stockroom,MERIDIAN,8/1/14,4100150628,49437.5
161480,LAPTOP,14-153,HP Probook 440 G1,8CG4270HJ2,,stockroom,MERIDIAN,8/1/14,4100150860,49437.5
OMMC-L2014-001,LAPTOP,13-328,HP Probook 430 G1,2CE3500DXT,QCOCSLL27,stockroom,MERIDIAN,1/22/14,4100140869,55370
OMMC-L2014-002,LAPTOP,14-021,HP Probook 430 G1,2CE3500DXW,QCOCSLL28,stockroom,MERIDIAN,2/11/14,4100142121,55370
OMMC-L2014-003,LAPTOP,14-001,HP Probook 430 G1,2CE4130H8Z,QCPBIAL25 ,stockroom,MERIDIAN,4/25/14,4100142860,55370
OMMC-L2014-004,LAPTOP,14-060,HP Probook 440 G1,2CE4200L0Q,QCOCMRL10,stockroom,MERIDIAN,5/30/14,4100146304,55370
OMMC-L2014-005,LAPTOP,14-091,HP Probook 440 G1,2CE4200L0L,QCPBLEL14,stockroom,MERIDIAN,5/30/14,4100147412,55370
OMMC-L2014-006,LAPTOP,14-087,HP Probook 440 G1,2CE4200L0P,QCPBJVL01,stockroom,MERIDIAN,5/30/14,4100147410,55370
OMMC-L2014-007,LAPTOP,14-014,HP Probook 430 G1,8CG4200919,QCOCEHL04,stockroom,MERIDIAN,6/3/14,4100146313,47950
OMMC-L2014-008,LAPTOP,14-061,HP Probook 430 G1,8CG420091Q,CBOCSLL02,stockroom,MERIDIAN,6/3/14,4100146283,47950
OMMC-L2014-009,LAPTOP,14-063,HP Probook 430 G1,8CG420091Y,CBOCSLL03,stockroom,MERIDIAN,6/3/14,4100146283,47950
160384,LAPTOP,14-104,HP Probook 430 G1,8CG420091L,QCOCSL43 ,stockroom,MERIDIAN,6/13/14,4100148067,47950
160385,LAPTOP,,HP Probook 430 G1,8CG420091X,,stockroom,MERIDIAN,6/13/14,4100148076,47950
160386,LAPTOP,14-109,HP Probook 430 G1,8CG420091R,QCOCSLL45 ,stockroom,MERIDIAN,6/13/14,4100148263,47950
160389,LAPTOP,14-127,HP Probook 430 G1,8CG420091V,QCOCSLL44,stockroom,MERIDIAN,6/18/14,4100148815,42812.5
160388,LAPTOP,14-126,HP Probook 430 G1,8CG4200920,QCOCCCL12,stockroom,MERIDIAN,6/18/14,4100148815,42812.5
160387,LAPTOP,14-112,HP Probook 430 G1,8CG420091Z,QCOCSLL43,stockroom,MERIDIAN,6/18/14,4100148815,42812.5
160390,LAPTOP,14-128,HP Probook 430 G1,8CG420091B,QCOCSLL45,stockroom,MERIDIAN,6/18/14,4100148815,42812.5
161395,LAPTOP,14-089,HP Probook 440 G1,8CG4241D34,QCOCJVL14 ï¾¾,stockroom,MERIDIAN,7/3/14,4100148403,49437.5
160391,LAPTOP,,HP Probook 430 G1,8CG420091D,QCPBCSL05,stockroom,MERIDIAN,7/4/14,4100149680,42812.5
161458,LAPTOP,14-116,HP Probook 430 G1,8CG420091G,QCOCMRL11,stockroom,MERIDIAN,7/4/14,4100149683,42812.5
160428,LAPTOP,14-172,HP Probook 440 G1,8CG4270HJ0,QCOCCCL13,stockroom,MERIDIAN,8/1/14,4100150905,49437.5
160426,LAPTOP,14-173,HP Probook 440 G1,8CG4270HHY,QCOCCCL14,stockroom,MERIDIAN,8/1/14,4100150905,49437.5
RTI-L2014-001,LAPTOP,14-103,HP Probook 430 G1,8CG420091H,SMRTHRL03,stockroom,MERIDIAN,6/3/14,4100147079,42812.5
160390,LAPTOP,14-108,HP Probook 430 G1,8CG420091C,SMRTDEL15,stockroom,MERIDIAN,6/18/14,4100149911,42812.5
RTI-L2014-002,LAPTOP,14-038,HP Zbook 17 ,CND4232NLL,SMRTTSL02,stockroom,MERIDIAN,6/26/14,4100147010,124750
EG-L2013-001,LAPTOP,13-347,HP Probook 430 G1,2CE3500DY0,SMEGPML02,stockroom,MERIDIAN,1/14/14,4100140603,55370
EG-L2013-002,LAPTOP,14-073,HP Elite 840 G1,CNU342B3W2,SMEGBAD02,stockroom,MERIDIAN,1/28/14,4100141290,64995
EG-L2013-003,LAPTOP,14-017,HP Probook 430 G1,2CE3500DXZ,SMEGSML01,stockroom,MERIDIAN,2/14/14,4100142171,55370
ERF 14-184,LAPTOP,14-184,HP Probook 440 G1,8CG4270HJ1,,,MERIDIAN,8/20/14,81114,55370
161470,LAPTOP,14-129,HP Probook 440 G1,8CG4270HJ4,QCPBACL16,,MERIDIAN,8/20/14,4100152394,48437.5
161488,LAPTOP,14-188,HP Probook 440 G1,8CG4270HJ8,,,MERIDIAN,8/20/14,4100152394,48437.5
160419,LAPTOP,14-158,HP Probook 430 G1,8CG4310RQX,,,MERIDIAN,8/27/14,4100150283,47950
160398,LAPTOP,14-139,HP Probook 430 G1 / MOUSE,8CG4310RQZ,,,MERIDIAN,8/27/14,4100150283,47950
160399,LAPTOP,14-145,HP Probook 430 G1 / MOUSE,8CG4310RR4,,,MERIDIAN,8/27/14,4100150283,47950
160400,LAPTOP,14-154,HP Probook 430 G1 / MOUSE,8CG4310RR5,,,MERIDIAN,8/27/14,4100150283,47950
160432,LAPTOP,14-198,HP Probook 430 G1 / MOUSE,8CG4310RQY,,,MERIDIAN,8/27/14,4100151832,47950
160431,LAPTOP,14-197,HP Probook 430 G1 / MOUSE,8CG4310RR3,,,MERIDIAN,8/27/14,4100151832,47950
160429,LAPTOP,14-193,HP Probook 430 G1 / MOUSE,8CG4310RR0,,,MERIDIAN,8/27/14,4100151483,47950
160430,LAPTOP,14-194,HP Probook 430 G1 / MOUSE,8CG4310RR6,,,MERIDIAN,8/27/14,4100151483,47950
160427,LAPTOP,14-182,HP Probook 430 G1,8CG4310RR7,,,MERIDIAN,8/27/14,4100150905,47950
160425,LAPTOP,14-174,HP Probook 430 G1,8CG4310RR2,,,MERIDIAN,8/27/14,4100150857,47950
RTI-D2014-006,MONITOR,,HP ProDisplay P231 23-inch LED Backlit,CNC34901CP,,stockroom,MERIDIAN,4/16/14,4100142958,8650
RTI-D2014-007,MONITOR,,HP ProDisplay P231 23-inch LED Backlit,CNC34901D1,,stockroom,MERIDIAN,4/16/14,4100142958,8650
RTI-D2014-008,MONITOR,,HP ProDisplay P231 23-inch LED Backlit,CNC34901C7,,stockroom,MERIDIAN,4/16/14,4100142958,8650
RTI-D2014-009,MONITOR,,HP ProDisplay P231 23-inch LED Backlit,CNC34901CS,,stockroom,MERIDIAN,4/16/14,4100142958,8650
RTI-D2014-010,MONITOR,,HP ProDisplay P231 23-inch LED Backlit,CNC34901CX,,stockroom,MERIDIAN,4/16/14,4100142958,8650
RTI-D2014-011,MONITOR,,HP ProDisplay P231 23-inch LED Backlit,CNC34901CM,,stockroom,MERIDIAN,4/16/14,4100142958,8650
RTI-D2014-012,MONITOR,,HP ProDisplay P231 23-inch LED Backlit,CNC34901C2,,stockroom,MERIDIAN,4/16/14,4100142958,8650
RTI-D2014-013,MONITOR,,HP ProDisplay P231 23-inch LED Backlit,CNC34901CV,,stockroom,MERIDIAN,4/16/14,4100142958,8650
RTI-D2014-014,MONITOR,,HP ProDisplay P231 23-inch LED Backlit,CNC34901CT,,stockroom,MERIDIAN,4/16/14,4100142958,8650
RTI-D2014-015,MONITOR,,HP ProDisplay P231 23-inch LED Backlit,CNC34901CW,,stockroom,MERIDIAN,4/16/14,4100142958,8650
EG-D2014-001,MONITOR,,HP LV2011 20inch LED ,CNC409NYJH,,stockroom,MERIDIAN,4/22/14,4100144907,6720
160403,MONITOR,14-051,HP LV2011 20inch LED ,CNC419P34J,,,MERIDIAN,8/20/14,4100151972,5875
160404,MONITOR,14-051,HP LV2011 20inch LED ,CNC419P1W6,,,MERIDIAN,8/20/14,4100151972,5875
160405,MONITOR,14-051,HP LV2011 20inch LED ,CNC419P287,,,MERIDIAN,8/20/14,4100151972,5875
160401,MONITOR,14-124,HP LV2011 20inch LED ,CNC422NZ5Z,,,MERIDIAN,8/20/14,4100152284,5875
161491,MONITOR,14-187,HP LV2011 20inch LED ,CNC419P34H,,,MERIDIAN,8/20/14,4100152396,
161505,MONITOR,14-201,HP LV2011 20inch LED ,CNC419P34F,,,MERIDIAN,8/20/14,4100152396,
PRN2014-001,PRINTER,,EPSON TM-U295 POS Slip Printer,JKAF080891,,stockroom,MERIDIAN,1/27/14,4100140783,16937.5
PRN2014-002,PRINTER,,Epson LX310 Dot Matrix Printer,Q7CY030222,,stockroom,MERIDIAN,2/3/14,4100141630,
PRN2014-003,PRINTER,,Brother MFC J5910DW,E70445K3F350643,,stockroom,MERIDIAN,2/3/14,4100141630,
PRN2014-004,PRINTER,,Brother MFC J625DW,E70443A4F287300,,stockroom,MERIDIAN,2/21/14,4100138883,8862
PRN2014-005,PRINTER,,Epson LX310 Dot Matrix Printer,Q7CY044125,,stockroom,MERIDIAN,5/20/14,4100147592,7856.25
PRN2014-006,PRINTER,,Epson LX310 Dot Matrix Printer,Q7CY035682,,stockroom,MERIDIAN,5/27/14,4100147407,7856.25
PRN2014-007,PRINTER,,Epson LX310 Dot Matrix Printer,Q7CY029210,,stockroom,MERIDIAN,5/27/14,4100147407,7856.25
160395,PRINTER,,Epson LX310 Dot Matrix Printer,Q7FY102251,,stockroom,MERIDIAN,7/3/14,4100149423,
160394,PRINTER,,Epson LX310 Dot Matrix Printer,Q7CY045040,,stockroom,MERIDIAN,7/18/14,4100150282,
160397,PRINTER,,Epson LX310 Dot Matrix Printer,Q7CY043775,,stockroom,MERIDIAN,7/18/14,4100150282,
160422,PRINTER,,Epson LX310 Dot Matrix Printer,QCY042472,,stockroom,MERIDIAN,7/18/14,4100150282,
160435,PRINTER,,Epson LX310 Dot Matrix Printer,Q7CY045640,,stockroom,MERIDIAN,8/7/14,410151830,
160441,PRINTER,,Epson LX310 Dot Matrix Printer,Q7CY045646,,stockroom,MERIDIAN,8/20/14,,
PRJ2014-001,PROJECTOR,,Casio XJ A256 DLP MULTIMEDIA,D045 AAAF31-021792,,stockroom,BRAIN,3/14/14,4100143759,
PRJ2014-002,PROJECTOR,,Casio XJ A256 DLP MULTIMEDIA,D045 AAAF32-026226,,stockroom,BRAIN,3/14/14,4100143618,
PRJ2014-003,PROJECTOR,,Casio XJ A256 DLP MULTIMEDIA,D045-AAAF32-026394,,stockroom,BRAIN,3/14/14,4100143647,
161354,PROJECTOR,,Casio XJ-H2600 DLP Multimedia Projector,A946AAAF26-013402,,stockroom,BRAIN,4/11/14,41114,
161355,PROJECTOR,,Casio XJ-H2600 DLP Multimedia Projector,A946AAAF26-013356,,stockroom,BRAIN,4/11/14,41114,
161356,PROJECTOR,,Casio XJ-H2600 DLP Multimedia Projector,A946AAAF26-013345,,stockroom,BRAIN,4/11/14,41114,
PRJ2014-004,PROJECTOR,,Casio XJ-A256 DLP Multimedia Projector,D045AAAF2C-019250,,stockroom,BRAIN,5/2/14,4100145865,
PRJ2014-005,PROJECTOR,,Casio XJ-H2600 DLP Multimedia Projector,A946AAAE41-013543,,stockroom,BRAIN,6/6/14,4100147078,
PRJ2014-006,PROJECTOR,,Casio XJ-H2600 DLP Multimedia Projector,A946AAAE41-013521,,stockroom,BRAIN,6/6/14,4100147078,
PRJ2014-007,PROJECTOR,,Casio XJ-H2600 DLP Multimedia Projector,A946AAAE41-014378,,stockroom,BRAIN,6/6/14,4100147078,
PRJ2014-008,PROJECTOR,,Casio XJ A256 DLP MULTIMEDIA,D045AAAF33-029949,,stockroom,BRAIN,6/6/14,4100147774,
PRJ2014-009,PROJECTOR,,Casio XJ A256 DLP MULTIMEDIA,D045AAAF33-019069,,stockroom,BRAIN,6/6/14,4100147774,
PRJ2014-010,PROJECTOR,,Casio XJ A256 DLP MULTIMEDIA,D045AAAF2C-018945,,stockroom,BRAIN,6/10/14,4100147774,
161431,PROJECTOR,,Casio XJ A256 DLP MULTIMEDIA,D045ABAE3B-031861,,stockroom,BRAIN,7/14/14,4100149991,
161432,PROJECTOR,,Casio XJ A256 DLP MULTIMEDIA,D045ABAE3B-031197,,stockroom,BRAIN,7/14/14,4100149991,
161434,PROJECTOR,,Casio XJ A256 DLP MULTIMEDIA,D045ABAE3B-031704,,stockroom,BRAIN,7/14/14,4100149991,
161475,PROJECTOR,,Casio XJ A256 DLP MULTIMEDIA,D045ABAE3B-030860,,stockroom,BRAIN,7/24/14,4100150155,
161476,PROJECTOR,,Casio XJ A256 DLP MULTIMEDIA,D045ABAE3B-033751,,stockroom,BRAIN,7/24/14,4100150155,
161477,PROJECTOR,,Casio XJ A256 DLP MULTIMEDIA,D045ABAE3B-031131,,stockroom,BRAIN,7/24/14,4100150155,
PBI-D2014-016,SERVER,,HP Z620 Workstation,SGH405S8S6,SMEGCSD01,,MERIDIAN,2/25/14,4100140795,152500
RTI-D2014-004,SERVER,,HP Z620 Workstation,SGH405S8S7,SMRTEFD01,stockroom,MERIDIAN,2/25/14,4100140798,170800
ERF 14-059,SERVER,,Network Video Recorder ND8401,002D1284FED,,stockroom,ZENSHIN,5/19/14,4100146389,
ERF 14-059,SERVER,,Network Video Recorder ND8401,W1E7PFQS,,stockroom,ZENSHIN,5/19/14,4100146389,
ERF 14-059,SERVER,,Network Video Recorder ND8401,W1E7PFSE,,stockroom,ZENSHIN,5/19/14,4100146389,
ERF 14-059,SERVER,,Network Video Recorder ND8401,W1E7PG1B,,stockroom,ZENSHIN,5/19/14,4100146389,
ERF 14-059,SERVER,,Network Video Recorder ND8401,WCC4N1081556,,stockroom,ZENSHIN,5/19/14,4100146389,
ERF 14-059,SERVER,,Network Video Recorder ND8401,WCC4N1090473,,stockroom,ZENSHIN,5/19/14,4100146389,
ERF 14-059,SERVER,,Network Video Recorder ND8401,WCC4N1090497,,stockroom,ZENSHIN,5/19/14,4100146389,
ERF 14-059,SERVER,,Network Video Recorder ND8401,WCC4N1101606,,stockroom,ZENSHIN,5/19/14,4100146389,
ERF 14-059,SERVER,,Network Video Recorder ND8401,WCC4N1101855,,stockroom,ZENSHIN,5/19/14,4100146389,
161447,SERVER,,ND8401,0002D1284FF7,,stockroom,ZENSHIN,7/12/14,4100149998,
ERF 13-323,SWITCH,,HP 2910-24G- PoE Switch,SG320IQ070,,stockroom,MERIDIAN,3/11/14,4100138881,
ERF 14-055,SWITCH,,ATEN VS881 8-port video switch,A1DB-138BA-0040,,stockroom,MERIDIAN,3/14/14,4100143644,
,SWITCH,,HP 2530-8G-PoE Switch,CN42FP505P,,stockroom,MERIDIAN,5/8/14,4100146020,
,SWITCH,,HP 1810-8G Switch ,CN43FRS0N9,,stockroom,MERIDIAN,5/8/14,4100146020,
,SWITCH,,HP 1810-8G Switch ,CN43FRS1FL,,stockroom,MERIDIAN,5/8/14,4100146020,
161425,SWITCH,,HP 2530-8-P0E Switch,CN44FPC0R0,,stockroom,MERIDIAN,6/17/14,4100148400,
ERF 14-027,SWITCH,,HP 2530-24-PoE Switch,CN45FPB0Y9,,stockroom,MERIDIAN,7/10/14,4100149320,
ERF 14-059,SWITCH,,HP 1410-8G Switch,CN4218J4G,,stockroom,MERIDIAN,7/10/14,4100149320,
ERF 14-059,SWITCH,,HP 1410-8G Switch,CN4218J0S2,,stockroom,MERIDIAN,7/10/14,4100149320,
ERF 14-059,SWITCH,,HP 1410-8G Switch,CN4218J147,,stockroom,MERIDIAN,7/10/14,4100149320,
ERF 14-028,TV,,HP LD4710 47-inch LCD,KRG3360089,,stockroom,MERIDIAN,4/2/14,4100144521,
ERF 13-318,TV,,Samsung LED TV,LGPV3DCF200045,,stockroom,J&R Appliance Center,6/16/14,4100148546,
UPS2014-001,UPS,,EATON E Series NV 800VA,53G700100,,stockroom,NETEX,2/11/14,4100141825,
UPS2014-002,UPS,,EATON E Series NV 800VA,53G700106,,stockroom,NETEX,2/11/14,4100141825,
UPS2014-003,UPS,,EATON E Series NV 800VA,53G700108,,stockroom,NETEX,2/11/14,4100141825,
UPS2014-004,UPS,,EATON E Series NV 800VA,53G700105,,stockroom,NETEX,2/11/14,4100141825,
UPS2014-005,UPS,,EATON E Series NV 800VA,53G700107,,stockroom,NETEX,2/11/14,4100141825,
UPS2014-006,UPS,,EATON E Series NV 800VA,53G700098,,stockroom,NETEX,2/11/14,4100141817,
UPS2014-007,UPS,,EATON E Series NV 800VA,53G700097,,stockroom,NETEX,2/11/14,4100141817,
UPS2014-008,UPS,,EATON E Series NV 800VA,53G700099,,stockroom,NETEX,2/11/14,4100141817,
UPS2014-009,UPS,,EATON E Series NV 800VA,53G700094,,stockroom,NETEX,2/11/14,4100141817,
UPS2014-010,UPS,,EATON E Series NV 800VA,53G700096,,stockroom,NETEX,2/11/14,4100141817,
UPS2014-011,UPS,,EATON E Series NV 800VA,53G700093,,stockroom,NETEX,2/11/14,4100141817,
UPS2014-012,UPS,,EATON E Series NV 800VA,53G700095,,stockroom,NETEX,2/11/14,4100141817,
UPS2014-013,UPS,,Delta GAIAI Online UPS ,A1213B02173WH,,stockroom,ATI,2/19/14,4100142128,
UPS2014-014,UPS,,Emerson 800VA 220V,341310306967BX,,stockroom,MERIDIAN,2/28/14,4100142865,
UPS2014-015,UPS,,Emerson Liebert PSA iTON 850VA 230V,341310306964BX,,stockroom,MERIDIAN,3/17/14,4100143476,
UPS2014-016,UPS,,Emerson Liebert PSA ITON 600VA 230V,241312315025BX,,stockroom,MERIDIAN,4/10/14,4100144916,
UPS2014-017,UPS,,Emerson Liebert PSA ITON 600VA 230V,241402338320BX,,stockroom,MERIDIAN,5/30/14,4100147418,
UPS2014-018,UPS,,Emerson Liebert PSA ITON 600VA 230V,241402338321BX,,stockroom,MERIDIAN,5/30/14,4100147418,
UPS2014-019,UPS,,Emerson Liebert PSA ITON 600VA 230V,241402338323BX,,stockroom,MERIDIAN,5/30/14,4100147433,
UPS2014-020,UPS,,Emerson Liebert PSA ITON 600VA 230V,241402338322BX,,stockroom,MERIDIAN,5/30/14,4100147433,
UPS2014-021,UPS,,Emerson Liebert PSA ITON 600VA 230V,241402339936BX,,stockroom,MERIDIAN,6/3/14,4100147435,
UPS2014-022,UPS,,Emerson Liebert PSA ITON 600VA 230V,241402339937BX,,stockroom,MERIDIAN,6/3/14,4100147435,
UPS2014-023,UPS,,Emerson Liebert PSA ITON 600VA 230V,241402339938BX,,stockroom,MERIDIAN,6/3/14,4100147435,
UPS2014-024,UPS,,Emerson Liebert PSA ITON 600VA 230V,241402338312BX,,stockroom,MERIDIAN,6/3/14,4100147432,
UPS2014-025,UPS,,Emerson Liebert PSA ITON 600VA 230V,241402338313BX,,stockroom,MERIDIAN,6/3/14,4100147432,
UPS2014-026,UPS,,Emerson Liebert PSA ITON 600VA 230V,241402338314BX,,stockroom,MERIDIAN,6/3/14,4100147432,
UPS2014-027,UPS,,Emerson Liebert PSA ITON 600VA 230V,241402338315BX,,stockroom,MERIDIAN,6/3/14,4100147432,
UPS2014-028,UPS,,Emerson Liebert PSA ITON 600VA 230V,241402338324BX,,stockroom,MERIDIAN,6/3/14,4100147432,
UPS2014-029,UPS,,Emerson Liebert PSA ITON 600VA 230V,241402338325BX,,stockroom,MERIDIAN,6/3/14,4100147432,
UPS2014-030,UPS,,Emerson Liebert PSA ITON 600VA 230V,241402338326BX,,stockroom,MERIDIAN,6/3/14,4100147432,
UPS2014-031,UPS,,Emerson Liebert PSA ITON 600VA 230V,241402338327BX,,stockroom,MERIDIAN,6/3/14,4100147432,
UPS2014-032,UPS,,Emerson Liebert PSA ITON 600VA 230V,241402338328BX,,stockroom,MERIDIAN,6/3/14,4100147432,
UPS2014-033,UPS,,Emerson Liebert PSA ITON 600VA 230V,241402338329BX,,stockroom,MERIDIAN,6/3/14,4100147432,
UPS2014-034,UPS,,Emerson Liebert PSA ITON 600VA 230V,241402338331BX,,stockroom,MERIDIAN,6/3/14,4100147432,
UPS2014-035,UPS,,Emerson Liebert PSA ITON 600VA 230V,241402338400BX,,stockroom,MERIDIAN,6/3/14,4100147432,
UPS2014-036,UPS,,Emerson Liebert PSA ITON 600VA 230V,241402338401BX,,stockroom,MERIDIAN,6/3/14,4100147432,
UPS2014-037,UPS,,Emerson Liebert PSA ITON 600VA 230V,241402338402BX,,stockroom,MERIDIAN,6/3/14,4100147432,
UPS2014-038,UPS,,Emerson Liebert PSA ITON 600VA 230V,241402338403BX,,stockroom,MERIDIAN,6/3/14,4100147432,
UPS2014-046,UPS,,Emerson Liebert PSA ITON 600VA 230V,241402338423BX,,stockroom,MERIDIAN,6/3/14,4100147432,
UPS2014-047,UPS,,Emerson Liebert PSA ITON 600VA 230V,241402339572BX,,stockroom,MERIDIAN,6/3/14,4100147432,
UPS2014-048,UPS,,Emerson Liebert PSA ITON 600VA 230V,241402339573BX,,stockroom,MERIDIAN,6/3/14,4100147432,
UPS2014-049,UPS,,Emerson Liebert PSA ITON 600VA 230V,241402339574BX,,stockroom,MERIDIAN,6/3/14,4100147432,
UPS2014-050,UPS,,Emerson Liebert PSA ITON 600VA 230V,241402339575BX,,stockroom,MERIDIAN,6/3/14,4100147432,
UPS2014-039,UPS,,Emerson Liebert PSA ITON 600VA 230V,241402338412BX,,stockroom,MERIDIAN,6/3/14,4100147432,
UPS2014-040,UPS,,Emerson Liebert PSA ITON 600VA 230V,241402338413BX,,stockroom,MERIDIAN,6/3/14,4100147432,
UPS2014-041,UPS,,Emerson Liebert PSA ITON 600VA 230V,241402338414BX,,stockroom,MERIDIAN,6/3/14,4100147432,
UPS2014-042,UPS,,Emerson Liebert PSA ITON 600VA 230V,241402338415BX,,stockroom,MERIDIAN,6/3/14,4100147432,
UPS2014-043,UPS,,Emerson Liebert PSA ITON 600VA 230V,241402338420BX,,stockroom,MERIDIAN,6/3/14,4100147432,
UPS2014-044,UPS,,Emerson Liebert PSA ITON 600VA 230V,241402338421BX,,stockroom,MERIDIAN,6/3/14,4100147432,
UPS2014-045,UPS,,Emerson Liebert PSA ITON 600VA 230V,241402338422BX,,stockroom,MERIDIAN,6/3/14,4100147432,
UPS2014-051,UPS,,Emerson Liebert PSA ITON 850VA 230V,3413107042BX,,stockroom,MERIDIAN,6/3/14,4100147420,
UPS2014-052,UPS,,Emerson Liebert PSA ITON 850VA 230V,3413107043BX,,stockroom,MERIDIAN,6/3/14,4100147420,
160381,UPS,,Emerson Liebert PSA ITON 850VA 230V,341403302362BX,,stockroom,MERIDIAN,6/3/14,4100147869,
160382,UPS,,Emerson Liebert PSA ITON 850VA 230V,341403302368BX,,stockroom,MERIDIAN,6/3/14,4100147869,
UPS2014-053,UPS,,Emerson Liebert PSA ITON 600VA 230V,241402338408BX,,stockroom,MERIDIAN,6/3/14,4100147884,
UPS2014-054,UPS,,Emerson Liebert PSA ITON 600VA 230V,241402338410BX,,stockroom,MERIDIAN,6/3/14,4100147884,
UPS2014-055,UPS,,Delta GAIA3KVA,A1314300510WG,,stockroom,MERIDIAN,6/3/14,4100147475,
UPS2014-056,UPS,,Delta GAIA3KVA,A1314300505WG,,stockroom,MERIDIAN,6/3/14,4100147475,
UPS2014-057,UPS,,Delta GAIA2KVA,A1014400951WJ,,stockroom,MERIDIAN,6/3/14,4100147475,
UPS2014-058,UPS,,Delta GAIA2KVA,A1014400959WJ,,stockroom,MERIDIAN,6/3/14,4100147475,
UPS2014-059,UPS,,Delta GAIA2KVA,A1014400952WJ,,stockroom,MERIDIAN,6/3/14,4100147475,
UPS2014-060,UPS,,Delta GAIA1KVA,A1214300846WH,,stockroom,MERIDIAN,6/3/14,4100147475,
UPS2014-061,UPS,,Delta GAIA1KVA,A1214200548WH,,stockroom,MERIDIAN,6/3/14,4100147475,
UPS2014-062,UPS,,Delta GAIA1KVA,A1214300847WH,,stockroom,MERIDIAN,6/3/14,4100147475,
UPS2014-063,UPS,,Delta GAIA1KVA,A1214300844WH,,stockroom,MERIDIAN,6/3/14,4100147475,
UPS2014-064,UPS,,Delta GAIA1KVA,A1214300843WH,,stockroom,MERIDIAN,6/3/14,4100147475,
UPS2014-065,UPS,,Delta GAIA1KVA,A1214300842WH,,stockroom,MERIDIAN,6/3/14,4100147475,
UPS2014-066,UPS,,Delta GAIA1KVA,A1214300558WH,,stockroom,MERIDIAN,6/3/14,4100147475,
UPS2014-067,UPS,,Delta GAIA1KVA,A1214300565WH,,stockroom,MERIDIAN,6/3/14,4100147475,
UPS2014-068,UPS,,Delta GAIA1KVA,A1214300566WH,,stockroom,MERIDIAN,6/3/14,4100147475,
UPS2014-069,UPS,,Delta GAIA1KVA,A1214300553WH,,stockroom,MERIDIAN,6/3/14,4100147475,
UPS2014-070,UPS,,Delta GAIA1KVA,A1214300841WH,,stockroom,MERIDIAN,6/3/14,4100147475,
UPS2014-071,UPS,,Delta GAIA1KVA,A1214300562WH,,stockroom,MERIDIAN,6/3/14,4100147475,
UPS2014-072,UPS,,Delta GAIA1KVA,A1214300560WH,,stockroom,MERIDIAN,6/3/14,4100147475,
UPS2014-073,UPS,,Delta GAIA1KVA,A1214300551WH,,stockroom,MERIDIAN,6/3/14,4100147475,
UPS2014-074,UPS,,Delta GAIA1KVA,A1214300563WH,,stockroom,MERIDIAN,6/3/14,4100147475,
UPS2014-075,UPS,,Delta GAIA1KVA,A1214300554WH,,stockroom,MERIDIAN,6/3/14,4100147475,
UPS2014-076,UPS,,Delta GAIA1KVA,A1214300564WH,,stockroom,MERIDIAN,6/3/14,4100147475,
UPS2014-077,UPS,,Delta GAIA1KVA,A1214300840WH,,stockroom,MERIDIAN,6/3/14,4100147475,
UPS2014-078,UPS,,Delta GAIA1KVA,A1214300893WH,,stockroom,MERIDIAN,6/3/14,4100147475,
UPS2014-079,UPS,,Delta GAIA1KVA,A1214300559WH,,stockroom,MERIDIAN,6/3/14,4100147475,
UPS2014-080,UPS,,Delta GAIA1KVA,A1214300561WH,,stockroom,MERIDIAN,6/3/14,4100147475,
UPS2014-081,UPS,,Delta GAIA1KVA,A1214300552WH,,stockroom,MERIDIAN,6/3/14,4100147475,
UPS2014-082,UPS,,Emerson PSA600-BX Liebert PSA ITON,241402338411BX,,stockroom,MERIDIAN,6/13/14,4100148261,
161419,UPS,,Emerson PSA600-BX Liebert PSA ITON,241402338409BX,,stockroom,MERIDIAN,6/13/14,4100148165,
161423,UPS,,Emerson PSA600-BX Liebert PSA ITON,241402338330BX,,stockroom,MERIDIAN,6/13/14,4100148165,
161417,UPS,,Emerson PSA600-BX Liebert PSA ITON,241402338361BX,,stockroom,MERIDIAN,6/16/14,4100148401,
UPS2014-083,UPS,,Emerson PSA600-BX Liebert PSA ITON,241402338266BX,,stockroom,MERIDIAN,6/16/14,6214,
UPS2014-084,UPS,,Emerson PSA 850-BX Liebert PSA ITON,341403302360BX,,stockroom,MERIDIAN,6/17/14,4100148266,
UPS2014-085,UPS,,Emerson PSA 850-BX Liebert PSA ITON,341403302361BX,,stockroom,MERIDIAN,6/17/14,4100148266,
UPS2014-086,UPS,,Emerson PSA 850-BX Liebert PSA ITON,341403302370BX,,stockroom,MERIDIAN,6/17/14,4100148266,
UPS2014-087,UPS,,Emerson PSA 850-BX Liebert PSA ITON,341403302371BX,,stockroom,MERIDIAN,6/17/14,4100148266,
UPS2014-088,UPS,,Emerson PSA 850-BX Liebert PSA ITON,341403302372BX,,stockroom,MERIDIAN,6/17/14,4100148266,
UPS2014-089,UPS,,Emerson PSA 850-BX Liebert PSA ITON,341403302373BX,,stockroom,MERIDIAN,6/17/14,4100148266,
UPS2014-090,UPS,,Emerson PSA 850-BX Liebert PSA ITON,341403302376BX,,stockroom,MERIDIAN,6/17/14,4100148266,
UPS2014-091,UPS,,Emerson PSA 850-BX Liebert PSA ITON,341403302379BX,,stockroom,MERIDIAN,6/17/14,4100148266,
UPS2014-092,UPS,,Emerson PSA 850-BX Liebert PSA ITON,341403302383BX,,stockroom,MERIDIAN,6/17/14,4100148266,
UPS2014-093,UPS,,Emerson PSA 850-BX Liebert PSA ITON,341403302384BX,,stockroom,MERIDIAN,6/17/14,4100148266,
UPS2014-094,UPS,,Emerson PSA 850-BX Liebert PSA ITON,341403302364BX,,stockroom,MERIDIAN,7/21/14,4100147436,
UPS2014-095,UPS,,Emerson PSA 850-BX Liebert PSA ITON,341403302363BX,,stockroom,MERIDIAN,7/21/14,4100147436,
160383,UPS,,Emerson PSA 850-BX Liebert PSA ITON,341403302366BX,,stockroom,MERIDIAN,7/21/14,4100147436,
160381,UPS,,Emerson PSA 600-BX Liebert PSA ITON,341403302366BX,,stockroom,MERIDIAN,7/21/14,4100147436,
161460,UPS,,Emerson PSA 600-BX Liebert PSA ITON,241402312650BX,,stockroom,MERIDIAN,7/21/14,4100149686,
161462,UPS,,Emerson PSA 600-BX Liebert PSA ITON,241402312652BX,,stockroom,MERIDIAN,7/21/14,4100149686,
160392,UPS,,Emerson PSA 600-BX Liebert PSA ITON,241402312638BX,,stockroom,MERIDIAN,7/21/14,4100149421,
160394,UPS,,Emerson PSA 600-BX Liebert PSA ITON,241402312651BX,,stockroom,MERIDIAN,7/21/14,4100149421,
160401,UPS,,Emerson PSA 600-BX Liebert PSA ITON,241402312522BX,,stockroom,MERIDIAN,7/21/14,4100150275,
160402,UPS,,Emerson PSA 600-BX Liebert PSA ITON,241403326258BX,,stockroom,MERIDIAN,7/21/14,4100150275,
160403,UPS,,Emerson PSA 600-BX Liebert PSA ITON,241402312524BX,,stockroom,MERIDIAN,7/21/14,4100150275,
160404,UPS,,Emerson PSA 600-BX Liebert PSA ITON,241403326259BX,,stockroom,MERIDIAN,7/21/14,4100150275,
160405,UPS,,Emerson PSA 600-BX Liebert PSA ITON,241402315252BX,,stockroom,MERIDIAN,7/21/14,4100150275,
160406,UPS,,Emerson PSA 600-BX Liebert PSA ITON,241403326260BX,,stockroom,MERIDIAN,7/21/14,4100150275,
160407,UPS,,Emerson PSA 600-BX Liebert PSA ITON,241402312632BX,,stockroom,MERIDIAN,7/21/14,4100150275,
160408,UPS,,Emerson PSA 600-BX Liebert PSA ITON,241403326261BX,,stockroom,MERIDIAN,7/21/14,4100150275,
160409,UPS,,Emerson PSA 600-BX Liebert PSA ITON,241402312633BX,,stockroom,MERIDIAN,7/21/14,4100150275,
160410,UPS,,Emerson PSA 600-BX Liebert PSA ITON,241403326262BX,,stockroom,MERIDIAN,7/21/14,4100150275,
160411,UPS,,Emerson PSA 600-BX Liebert PSA ITON,241402339825BX,,stockroom,MERIDIAN,7/21/14,4100150275,
160412,UPS,,Emerson PSA 600-BX Liebert PSA ITON,241403326263BX,,stockroom,MERIDIAN,7/21/14,4100150275,
160413,UPS,,Emerson PSA 600-BX Liebert PSA ITON,241402339826BX,,stockroom,MERIDIAN,7/21/14,4100150275,
160414,UPS,,Emerson PSA 600-BX Liebert PSA ITON,241403326264BX,,stockroom,MERIDIAN,7/21/14,4100150275,
160415,UPS,,Emerson PSA 600-BX Liebert PSA ITON,241402339827BX,,stockroom,MERIDIAN,7/21/14,4100150275,
160416,UPS,,Emerson PSA 600-BX Liebert PSA ITON,241403326265BX,,stockroom,MERIDIAN,7/21/14,4100150275,
160417,UPS,,Emerson PSA 600-BX Liebert PSA ITON,241403326260BX,,stockroom,MERIDIAN,7/21/14,4100150275,
160418,UPS,,Emerson PSA 600-BX Liebert PSA ITON,241403326252BX,,stockroom,MERIDIAN,7/21/14,4100150275,
UPS2014-096,UPS,,Emerson PSA 600-BX Liebert PSA ITON,241202339824BX,,stockroom,MERIDIAN,7/17/14,71514,
161465,UPS,14-118,Emerson PSA 600-BX Liebert PSA ITON,241402312537BX,,stockroom,MERIDIAN,7/17/14,4100150060,
161466,UPS,14-118,Emerson PSA 600-BX Liebert PSA ITON,241402312653BX,,stockroom,MERIDIAN,7/17/14,4100150060,
161483,UPS,,Emerson PSA 600-BX Liebert PSA ITON,241403326251BX,,stockroom,MERIDIAN,7/22/14,4100150640,
160424,UPS,,Emerson PSA 600-BX Liebert PSA ITON,241403326247BX,,stockroom,MERIDIAN,7/22/14,4100150923,
160434,UPS,,Emerson PSA 600-BX Liebert PSA ITON,241403326253BX,,stockroom,MERIDIAN,8/7/14,4100151829,
,UPS,,Emerson PSA 600-BX Liebert PSA ITON,241403326246BX,,stockroom,MERIDIAN,8/7/14,4100151829,
160439,UPS,,Emerson PSA 600-BX Liebert PSA ITON,241402338789BX,,stockroom,MERIDIAN,8/7/14,4100151839,
160089,UPS,,Emerson PSA 850VA Liebert PSA ITON,341403302367BX,,stockroom,MERIDIAN,7/31/14,4100151039,
160398,UPS,,Emerson PSA 600-BX Liebert PSA ITON,241403326249BX,,stockroom,MERIDIAN,7/31/14,4100150563,
160397,UPS,,Emerson PSA 600-BX Liebert PSA ITON,241403326248BX,,stockroom,MERIDIAN,7/31/14,4100150563,
160393,UPS,,Emerson PSA 1000MT3-230U Libert PSA 1000VA 230V,141430096PS26M,,stockroom,MERIDIAN,8/7/14,4100150227,
160396,UPS,,Emerson PSA 1000MT3-230U Libert PSA 1000VA 230V,1409100070PS26M,,stockroom,MERIDIAN,8/7/14,4100150227,
160421,UPS,,Emerson PSA 1000MT3-230U Libert PSA 1000VA 230V,1409100068PS26M,,stockroom,MERIDIAN,8/13/14,4100150281,
161424,UPS,,Emerson PSA600 Liebert PSA ITON 600VA 230V ,241402338264BX,,stockroom,MERIDIAN,6/17/14,4100148400,
161424,UPS,,Emerson PSA600 Liebert PSA ITON 600VA 230V ,241402338265BX,,stockroom,MERIDIAN,6/17/14,4100148400,
161424,UPS,,Emerson PSA600 Liebert PSA ITON 600VA 230V ,241402338267BX,,stockroom,MERIDIAN,6/17/14,4100148400,
161424,UPS,,Emerson PSA600 Liebert PSA ITON 600VA 230V ,241402338268BX,,stockroom,MERIDIAN,6/17/14,4100148400,
160400,UPS,14-124,Emerson PSA850-BX Liebert PSA ITON 850VA,341403302359BX,,,MERIDIAN,8/20/14,4100152284,4100
161487,UPS,14-168,Emerson PSA850-BX Liebert PSA ITON 850VA,341405301119BX,,,MERIDIAN,8/20/14,4100152399,4100
161491,UPS,14-187,Emerson PSA850-BX Liebert PSA ITON 600VA,241402338778BX,,,MERIDIAN,8/20/14,4100152399,1750
161496,UPS,14-149,Emerson PSA850-BX Liebert PSA ITON 600VA,241402338790BX,,,MERIDIAN,8/20/14,4100152399,1750
161497,UPS,14-149,Emerson PSA850-BX Liebert PSA ITON 600VA,241402338788BX,,,MERIDIAN,8/20/14,4100152399,1750
161498,UPS,14-149,Emerson PSA850-BX Liebert PSA ITON 600VA,241402338779BX,,,MERIDIAN,8/20/14,4100152399,1750
161499,UPS,14-149,Emerson PSA850-BX Liebert PSA ITON 600VA,241402338777BX,,,MERIDIAN,8/20/14,4100152399,1750
161505,UPS,14-149,Emerson PSA850-BX Liebert PSA ITON 600VA,241402338776BX,,,MERIDIAN,8/20/14,4100152399,1750
,VIDEOCONFERENCE,,"HUAWEU TE30, 1080p All in One Videoconferencing",2102310RMK10D9000180,DEMO TO PURCHASE / EHATID,stockroom,FOCUSEYE,2/19/14,,
,VIDEOCONFERENCE,,"HUAWEU TE30, 1080p All in One Videoconferencing",2102310RMK10D9000160,EXIDE,stockroom,FOCUSEYE,2/19/14,,
,VIDEOCONFERENCE,,"HUAWEU TE30, 1080p All in One Videoconferencing",2102310RMK10D9000185,CMB,stockroom,FOCUSEYE,2/19/14,,
,VIDEOCONFERENCE,,"HUAWEU TE30, 1080p All in One Videoconferencing",2102310RMK10D9000149,ROCES / DAGC,stockroom,FOCUSEYE,2/19/14,,
,VIDEOCONFERENCE,,"HUAWEU TE30, 1080p All in One Videoconferencing",2102310RMK10D9000165,MNA,stockroom,FOCUSEYE,2/19/14,,
,VIDEOCONFERENCE,,"HUAWEU TE30, 1080p All in One Videoconferencing",2102310RMK10D9000155,SUPCHA,stockroom,FOCUSEYE,2/19/14,,
,VIDEOCONFERENCE,,"HUAWEU TE30, 1080p All in One Videoconferencing",2102310RMK10D9000179,PBI ,stockroom,FOCUSEYE,2/19/14,,
,VIDEOCONFERENCE,,"HUAWEU TE30, 1080p All in One Videoconferencing",2102310RMK10D9000078,DAGC /FQT,stockroom,FOCUSEYE,4/4/14,,
,VIDEOCONFERENCE,,"HUAWEU TE30, 1080p All in One Videoconferencing",2102310RMK10D9000017,RAL,stockroom,FOCUSEYE,4/4/14,,
,VIDEOCONFERENCE,,"HUAWEU TE30, 1080p All in One Videoconferencing",2102310RMK10D9000105,JRM,stockroom,FOCUSEYE,4/4/14,,
